<annotation>
	<folder>raw_image</folder>
	<filename>connect47.jpg</filename>
	<path>C:\Users\User\Desktop\Side_project\Computer_vision\Tensorflow\RealTimeObjectDetection\Tensorflow\power_electronic_workspace\image\raw_image\connect47.jpg</path>
	<source>
		<database>Unknown</database>
	</source>
	<size>
		<width>640</width>
		<height>480</height>
		<depth>3</depth>
	</size>
	<segmented>0</segmented>
	<object>
		<name>connect</name>
		<pose>Unspecified</pose>
		<truncated>1</truncated>
		<difficult>0</difficult>
		<bndbox>
			<xmin>113</xmin>
			<ymin>1</ymin>
			<xmax>241</xmax>
			<ymax>132</ymax>
		</bndbox>
	</object>
	<object>
		<name>connect</name>
		<pose>Unspecified</pose>
		<truncated>1</truncated>
		<difficult>0</difficult>
		<bndbox>
			<xmin>313</xmin>
			<ymin>334</ymin>
			<xmax>447</xmax>
			<ymax>480</ymax>
		</bndbox>
	</object>
</annotation>
