<annotation>
	<folder>raw_image</folder>
	<filename>connect3.jpg</filename>
	<path>C:\Users\User\Desktop\Side_project\Computer_vision\Tensorflow\RealTimeObjectDetection\Tensorflow\power_electronic_workspace\image\raw_image\connect3.jpg</path>
	<source>
		<database>Unknown</database>
	</source>
	<size>
		<width>640</width>
		<height>480</height>
		<depth>3</depth>
	</size>
	<segmented>0</segmented>
	<object>
		<name>connect</name>
		<pose>Unspecified</pose>
		<truncated>0</truncated>
		<difficult>0</difficult>
		<bndbox>
			<xmin>200</xmin>
			<ymin>3</ymin>
			<xmax>413</xmax>
			<ymax>304</ymax>
		</bndbox>
	</object>
	<object>
		<name>connect</name>
		<pose>Unspecified</pose>
		<truncated>0</truncated>
		<difficult>0</difficult>
		<bndbox>
			<xmin>473</xmin>
			<ymin>25</ymin>
			<xmax>612</xmax>
			<ymax>295</ymax>
		</bndbox>
	</object>
</annotation>
