<annotation>
	<folder>raw_image</folder>
	<filename>connect12.jpg</filename>
	<path>C:\Users\User\Desktop\Side_project\Computer_vision\Tensorflow\RealTimeObjectDetection\Tensorflow\power_electronic_workspace\image\raw_image\connect12.jpg</path>
	<source>
		<database>Unknown</database>
	</source>
	<size>
		<width>640</width>
		<height>480</height>
		<depth>3</depth>
	</size>
	<segmented>0</segmented>
	<object>
		<name>connect</name>
		<pose>Unspecified</pose>
		<truncated>0</truncated>
		<difficult>0</difficult>
		<bndbox>
			<xmin>193</xmin>
			<ymin>95</ymin>
			<xmax>358</xmax>
			<ymax>226</ymax>
		</bndbox>
	</object>
	<object>
		<name>connect</name>
		<pose>Unspecified</pose>
		<truncated>0</truncated>
		<difficult>0</difficult>
		<bndbox>
			<xmin>131</xmin>
			<ymin>222</ymin>
			<xmax>262</xmax>
			<ymax>348</ymax>
		</bndbox>
	</object>
</annotation>
