<annotation>
	<folder>raw_image</folder>
	<filename>connect14.jpg</filename>
	<path>C:\Users\User\Desktop\Side_project\Computer_vision\Tensorflow\RealTimeObjectDetection\Tensorflow\power_electronic_workspace\image\raw_image\connect14.jpg</path>
	<source>
		<database>Unknown</database>
	</source>
	<size>
		<width>640</width>
		<height>480</height>
		<depth>3</depth>
	</size>
	<segmented>0</segmented>
	<object>
		<name>connect</name>
		<pose>Unspecified</pose>
		<truncated>0</truncated>
		<difficult>0</difficult>
		<bndbox>
			<xmin>284</xmin>
			<ymin>271</ymin>
			<xmax>459</xmax>
			<ymax>408</ymax>
		</bndbox>
	</object>
	<object>
		<name>connect</name>
		<pose>Unspecified</pose>
		<truncated>1</truncated>
		<difficult>0</difficult>
		<bndbox>
			<xmin>224</xmin>
			<ymin>407</ymin>
			<xmax>348</xmax>
			<ymax>480</ymax>
		</bndbox>
	</object>
</annotation>
