<annotation>
	<folder>raw_image</folder>
	<filename>faulty47.jpg</filename>
	<path>C:\Users\User\Desktop\Side_project\Computer_vision\Tensorflow\RealTimeObjectDetection\Tensorflow\power_electronic_workspace\image\raw_image\faulty47.jpg</path>
	<source>
		<database>Unknown</database>
	</source>
	<size>
		<width>640</width>
		<height>480</height>
		<depth>3</depth>
	</size>
	<segmented>0</segmented>
	<object>
		<name>faulty</name>
		<pose>Unspecified</pose>
		<truncated>0</truncated>
		<difficult>0</difficult>
		<bndbox>
			<xmin>345</xmin>
			<ymin>98</ymin>
			<xmax>506</xmax>
			<ymax>302</ymax>
		</bndbox>
	</object>
</annotation>
